{
  "project_info": {
    "project_number": "822666407670",
    "project_id": "shareourwedding-d0546",
    "storage_bucket": "shareourwedding-d0546.appspot.com"
  },
  "client": [
    {
      "client_info": {
        "mobilesdk_app_id": "1:822666407670:android:961de33b25a1d28421c6d7",
        "android_client_info": {
          "package_name": "com.example.shareourwedding"
        }
      },
      "oauth_client": [
        {
          "client_id": "822666407670-36na1uqk53ntu47t9o5j5bd6m7lje0ad.apps.googleusercontent.com",
          "client_type": 3
        }
      ],
      "api_key": [
        {
          "current_key": "AIzaSyANkQrlWhiJ_y8NojCmp9jA-NWyzagMcAQ"
        }
      ],
      "services": {
        "appinvite_service": {
          "other_platform_oauth_client": [
            {
              "client_id": "822666407670-36na1uqk53ntu47t9o5j5bd6m7lje0ad.apps.googleusercontent.com",
              "client_type": 3
            }
          ]
        }
      }
    }
  ],
  "configuration_version": "1"
}